{
  "id": "liderancas-empaticas-env",
  "name": "Lideranças Empáticas - Environment",
  "values": [
    {
      "key": "base_url",
      "value": "http://localhost:3001/api",
      "description": "URL base da API em desenvolvimento",
      "type": "default",
      "enabled": true
    },
    {
      "key": "base_url_prod",
      "value": "https://sua-api-producao.com/api",
      "description": "URL base da API em produção",
      "type": "default",
      "enabled": false
    },
    {
      "key": "content_type",
      "value": "application/json",
      "description": "Tipo de conteúdo padrão",
      "type": "default",
      "enabled": true
    },
    {
      "key": "edicao_id",
      "value": "1",
      "description": "ID da edição para testes",
      "type": "default",
      "enabled": true
    },
    {
      "key": "participante_id",
      "value": "1",
      "description": "ID do participante para testes",
      "type": "default",
      "enabled": true
    },
    {
      "key": "equipe_id",
      "value": "1",
      "description": "ID da equipe para testes",
      "type": "default",
      "enabled": true
    },
    {
      "key": "atividade_id",
      "value": "1",
      "description": "ID da atividade para testes",
      "type": "default",
      "enabled": true
    },
    {
      "key": "doacao_id",
      "value": "1",
      "description": "ID da doação para testes",
      "type": "default",
      "enabled": true
    },
    {
      "key": "meta_id",
      "value": "1",
      "description": "ID da meta para testes",
      "type": "default",
      "enabled": true
    }
  ],
  "_postman_variable_scope": "environment"
}

