{
  "info": {
    "name": "Lideranças Empáticas API",
    "description": "Collection para testar a API do Sistema Lideranças Empáticas - Projeto Interdisciplinar",
    "schema": "https://schema.getpostman.com/json/collection/v2.1.0/collection.json",
    "version": "1.0.0"
  },
  "variable": [
    {
      "key": "base_url",
      "value": "http://localhost:3001/api",
      "type": "string"
    }
  ],
  "item": [
    {
      "name": "Sistema",
      "item": [
        {
          "name": "Informações da API",
          "request": {
            "method": "GET",
            "header": [],
            "url": {
              "raw": "{{base_url}}/",
              "host": ["{{base_url}}"],
              "path": [""]
            }
          },
          "response": []
        },
        {
          "name": "Teste da API",
          "request": {
            "method": "GET",
            "header": [],
            "url": {
              "raw": "{{base_url}}/test",
              "host": ["{{base_url}}"],
              "path": ["test"]
            }
          },
          "response": []
        },
        {
          "name": "Health Check",
          "request": {
            "method": "GET",
            "header": [],
            "url": {
              "raw": "{{base_url}}/health",
              "host": ["{{base_url}}"],
              "path": ["health"]
            }
          },
          "response": []
        }
      ]
    },
    {
      "name": "Edições",
      "item": [
        {
          "name": "Listar Edições",
          "request": {
            "method": "GET",
            "header": [],
            "url": {
              "raw": "{{base_url}}/edicoes",
              "host": ["{{base_url}}"],
              "path": ["edicoes"]
            }
          },
          "response": []
        },
        {
          "name": "Buscar Edição por ID",
          "request": {
            "method": "GET",
            "header": [],
            "url": {
              "raw": "{{base_url}}/edicoes/1",
              "host": ["{{base_url}}"],
              "path": ["edicoes", "1"]
            }
          },
          "response": []
        },
        {
          "name": "Criar Edição",
          "request": {
            "method": "POST",
            "header": [
              {
                "key": "Content-Type",
                "value": "application/json"
              }
            ],
            "body": {
              "mode": "raw",
              "raw": "{\n  \"nome\": \"Lideranças Empáticas 2025.1\",\n  \"dataInicio\": \"2025-02-01\",\n  \"dataFim\": \"2025-06-30\",\n  \"descricao\": \"Primeira edição de 2025 focada em liderança empática e responsabilidade social\"\n}"
            },
            "url": {
              "raw": "{{base_url}}/edicoes",
              "host": ["{{base_url}}"],
              "path": ["edicoes"]
            }
          },
          "response": []
        },
        {
          "name": "Atualizar Edição",
          "request": {
            "method": "PUT",
            "header": [
              {
                "key": "Content-Type",
                "value": "application/json"
              }
            ],
            "body": {
              "mode": "raw",
              "raw": "{\n  \"nome\": \"Lideranças Empáticas 2025.1 - Atualizada\",\n  \"dataInicio\": \"2025-02-01\",\n  \"dataFim\": \"2025-07-15\",\n  \"descricao\": \"Primeira edição de 2025 - versão atualizada com extensão do prazo\"\n}"
            },
            "url": {
              "raw": "{{base_url}}/edicoes/1",
              "host": ["{{base_url}}"],
              "path": ["edicoes", "1"]
            }
          },
          "response": []
        },
        {
          "name": "Excluir Edição",
          "request": {
            "method": "DELETE",
            "header": [],
            "url": {
              "raw": "{{base_url}}/edicoes/1",
              "host": ["{{base_url}}"],
              "path": ["edicoes", "1"]
            }
          },
          "response": []
        }
      ]
    },
    {
      "name": "Participantes",
      "item": [
        {
          "name": "Listar Participantes",
          "request": {
            "method": "GET",
            "header": [],
            "url": {
              "raw": "{{base_url}}/participantes",
              "host": ["{{base_url}}"],
              "path": ["participantes"]
            }
          },
          "response": []
        },
        {
          "name": "Buscar Participante por ID",
          "request": {
            "method": "GET",
            "header": [],
            "url": {
              "raw": "{{base_url}}/participantes/1",
              "host": ["{{base_url}}"],
              "path": ["participantes", "1"]
            }
          },
          "response": []
        },
        {
          "name": "Listar Participantes por Edição",
          "request": {
            "method": "GET",
            "header": [],
            "url": {
              "raw": "{{base_url}}/participantes/edicao/1",
              "host": ["{{base_url}}"],
              "path": ["participantes", "edicao", "1"]
            }
          },
          "response": []
        },
        {
          "name": "Criar Participante",
          "request": {
            "method": "POST",
            "header": [
              {
                "key": "Content-Type",
                "value": "application/json"
              }
            ],
            "body": {
              "mode": "raw",
              "raw": "{\n  \"nome\": \"João Silva\",\n  \"email\": \"joao.silva@email.com\",\n  \"telefone\": \"(11) 99999-9999\",\n  \"tipo\": \"Aluno\",\n  \"edicao_id\": 1\n}"
            },
            "url": {
              "raw": "{{base_url}}/participantes",
              "host": ["{{base_url}}"],
              "path": ["participantes"]
            }
          },
          "response": []
        },
        {
          "name": "Criar Mentor",
          "request": {
            "method": "POST",
            "header": [
              {
                "key": "Content-Type",
                "value": "application/json"
              }
            ],
            "body": {
              "mode": "raw",
              "raw": "{\n  \"nome\": \"Prof. Maria Santos\",\n  \"email\": \"maria.santos@universidade.edu.br\",\n  \"telefone\": \"(11) 88888-8888\",\n  \"tipo\": \"Mentor\",\n  \"edicao_id\": 1\n}"
            },
            "url": {
              "raw": "{{base_url}}/participantes",
              "host": ["{{base_url}}"],
              "path": ["participantes"]
            }
          },
          "response": []
        },
        {
          "name": "Atualizar Participante",
          "request": {
            "method": "PUT",
            "header": [
              {
                "key": "Content-Type",
                "value": "application/json"
              }
            ],
            "body": {
              "mode": "raw",
              "raw": "{\n  \"nome\": \"João Silva Santos\",\n  \"email\": \"joao.silva@email.com\",\n  \"telefone\": \"(11) 99999-8888\",\n  \"tipo\": \"Aluno\",\n  \"edicao_id\": 1\n}"
            },
            "url": {
              "raw": "{{base_url}}/participantes/1",
              "host": ["{{base_url}}"],
              "path": ["participantes", "1"]
            }
          },
          "response": []
        },
        {
          "name": "Excluir Participante",
          "request": {
            "method": "DELETE",
            "header": [],
            "url": {
              "raw": "{{base_url}}/participantes/1",
              "host": ["{{base_url}}"],
              "path": ["participantes", "1"]
            }
          },
          "response": []
        }
      ]
    },
    {
      "name": "Equipes",
      "item": [
        {
          "name": "Listar Equipes",
          "request": {
            "method": "GET",
            "header": [],
            "url": {
              "raw": "{{base_url}}/equipes",
              "host": ["{{base_url}}"],
              "path": ["equipes"]
            }
          },
          "response": []
        },
        {
          "name": "Buscar Equipe por ID",
          "request": {
            "method": "GET",
            "header": [],
            "url": {
              "raw": "{{base_url}}/equipes/1",
              "host": ["{{base_url}}"],
              "path": ["equipes", "1"]
            }
          },
          "response": []
        },
        {
          "name": "Listar Equipes por Edição",
          "request": {
            "method": "GET",
            "header": [],
            "url": {
              "raw": "{{base_url}}/equipes/edicao/1",
              "host": ["{{base_url}}"],
              "path": ["equipes", "edicao", "1"]
            }
          },
          "response": []
        },
        {
          "name": "Criar Equipe",
          "request": {
            "method": "POST",
            "header": [
              {
                "key": "Content-Type",
                "value": "application/json"
              }
            ],
            "body": {
              "mode": "raw",
              "raw": "{\n  \"nome\": \"Equipe Alpha\",\n  \"mentor\": \"Prof. Maria Santos\",\n  \"edicao_id\": 1,\n  \"membros\": \"João Silva, Ana Costa, Pedro Santos, Carla Oliveira\"\n}"
            },
            "url": {
              "raw": "{{base_url}}/equipes",
              "host": ["{{base_url}}"],
              "path": ["equipes"]
            }
          },
          "response": []
        },
        {
          "name": "Atualizar Equipe",
          "request": {
            "method": "PUT",
            "header": [
              {
                "key": "Content-Type",
                "value": "application/json"
              }
            ],
            "body": {
              "mode": "raw",
              "raw": "{\n  \"nome\": \"Equipe Alpha - Liderança\",\n  \"mentor\": \"Prof. Maria Santos\",\n  \"edicao_id\": 1,\n  \"membros\": \"João Silva, Ana Costa, Pedro Santos, Carla Oliveira, Lucas Ferreira\"\n}"
            },
            "url": {
              "raw": "{{base_url}}/equipes/1",
              "host": ["{{base_url}}"],
              "path": ["equipes", "1"]
            }
          },
          "response": []
        },
        {
          "name": "Excluir Equipe",
          "request": {
            "method": "DELETE",
            "header": [],
            "url": {
              "raw": "{{base_url}}/equipes/1",
              "host": ["{{base_url}}"],
              "path": ["equipes", "1"]
            }
          },
          "response": []
        }
      ]
    },
    {
      "name": "Atividades",
      "item": [
        {
          "name": "Listar Atividades",
          "request": {
            "method": "GET",
            "header": [],
            "url": {
              "raw": "{{base_url}}/atividades",
              "host": ["{{base_url}}"],
              "path": ["atividades"]
            }
          },
          "response": []
        },
        {
          "name": "Buscar Atividade por ID",
          "request": {
            "method": "GET",
            "header": [],
            "url": {
              "raw": "{{base_url}}/atividades/1",
              "host": ["{{base_url}}"],
              "path": ["atividades", "1"]
            }
          },
          "response": []
        },
        {
          "name": "Listar Atividades por Equipe",
          "request": {
            "method": "GET",
            "header": [],
            "url": {
              "raw": "{{base_url}}/atividades/equipe/1",
              "host": ["{{base_url}}"],
              "path": ["atividades", "equipe", "1"]
            }
          },
          "response": []
        },
        {
          "name": "Criar Atividade de Arrecadação",
          "request": {
            "method": "POST",
            "header": [
              {
                "key": "Content-Type",
                "value": "application/json"
              }
            ],
            "body": {
              "mode": "raw",
              "raw": "{\n  \"nome\": \"Campanha do Agasalho\",\n  \"tipo\": \"Arrecadação\",\n  \"descricao\": \"Campanha para arrecadar agasalhos para o inverno\",\n  \"equipe_id\": 1,\n  \"meta_financeira\": 0,\n  \"valor_arrecadado\": 0,\n  \"status\": \"Planejada\"\n}"
            },
            "url": {
              "raw": "{{base_url}}/atividades",
              "host": ["{{base_url}}"],
              "path": ["atividades"]
            }
          },
          "response": []
        },
        {
          "name": "Criar Atividade com Meta Financeira",
          "request": {
            "method": "POST",
            "header": [
              {
                "key": "Content-Type",
                "value": "application/json"
              }
            ],
            "body": {
              "mode": "raw",
              "raw": "{\n  \"nome\": \"Bazar Beneficente\",\n  \"tipo\": \"Evento\",\n  \"descricao\": \"Bazar para arrecadar fundos para a comunidade\",\n  \"equipe_id\": 1,\n  \"meta_financeira\": 2000.00,\n  \"valor_arrecadado\": 450.00,\n  \"status\": \"Em Andamento\"\n}"
            },
            "url": {
              "raw": "{{base_url}}/atividades",
              "host": ["{{base_url}}"],
              "path": ["atividades"]
            }
          },
          "response": []
        },
        {
          "name": "Atualizar Atividade",
          "request": {
            "method": "PUT",
            "header": [
              {
                "key": "Content-Type",
                "value": "application/json"
              }
            ],
            "body": {
              "mode": "raw",
              "raw": "{\n  \"nome\": \"Bazar Beneficente - Edição Especial\",\n  \"tipo\": \"Evento\",\n  \"descricao\": \"Bazar especial para arrecadar fundos para a comunidade\",\n  \"equipe_id\": 1,\n  \"meta_financeira\": 2500.00,\n  \"valor_arrecadado\": 1200.00,\n  \"status\": \"Em Andamento\"\n}"
            },
            "url": {
              "raw": "{{base_url}}/atividades/1",
              "host": ["{{base_url}}"],
              "path": ["atividades", "1"]
            }
          },
          "response": []
        },
        {
          "name": "Excluir Atividade",
          "request": {
            "method": "DELETE",
            "header": [],
            "url": {
              "raw": "{{base_url}}/atividades/1",
              "host": ["{{base_url}}"],
              "path": ["atividades", "1"]
            }
          },
          "response": []
        }
      ]
    },
    {
      "name": "Doações",
      "item": [
        {
          "name": "Listar Doações",
          "request": {
            "method": "GET",
            "header": [],
            "url": {
              "raw": "{{base_url}}/doacoes",
              "host": ["{{base_url}}"],
              "path": ["doacoes"]
            }
          },
          "response": []
        },
        {
          "name": "Buscar Doação por ID",
          "request": {
            "method": "GET",
            "header": [],
            "url": {
              "raw": "{{base_url}}/doacoes/1",
              "host": ["{{base_url}}"],
              "path": ["doacoes", "1"]
            }
          },
          "response": []
        },
        {
          "name": "Listar Doações por Aluno",
          "request": {
            "method": "GET",
            "header": [],
            "url": {
              "raw": "{{base_url}}/doacoes/aluno/João Silva",
              "host": ["{{base_url}}"],
              "path": ["doacoes", "aluno", "João Silva"]
            }
          },
          "response": []
        },
        {
          "name": "Listar Doações por Campanha",
          "request": {
            "method": "GET",
            "header": [],
            "url": {
              "raw": "{{base_url}}/doacoes/campanha/Natal Solidário",
              "host": ["{{base_url}}"],
              "path": ["doacoes", "campanha", "Natal Solidário"]
            }
          },
          "response": []
        },
        {
          "name": "Estatísticas de Doações",
          "request": {
            "method": "GET",
            "header": [],
            "url": {
              "raw": "{{base_url}}/doacoes/stats/resumo",
              "host": ["{{base_url}}"],
              "path": ["doacoes", "stats", "resumo"]
            }
          },
          "response": []
        },
        {
          "name": "Registrar Doação de Alimentos",
          "request": {
            "method": "POST",
            "header": [
              {
                "key": "Content-Type",
                "value": "application/json"
              }
            ],
            "body": {
              "mode": "raw",
              "raw": "{\n  \"data_doacao\": \"2025-01-18\",\n  \"aluno_responsavel\": \"João Silva\",\n  \"item_doacao\": \"Alimentos não perecíveis\",\n  \"quantidade\": 15.5,\n  \"campanha\": \"Natal Solidário\",\n  \"doador\": \"Família Silva\",\n  \"pontuacao\": 30\n}"
            },
            "url": {
              "raw": "{{base_url}}/doacoes",
              "host": ["{{base_url}}"],
              "path": ["doacoes"]
            }
          },
          "response": []
        },
        {
          "name": "Registrar Doação de Roupas",
          "request": {
            "method": "POST",
            "header": [
              {
                "key": "Content-Type",
                "value": "application/json"
              }
            ],
            "body": {
              "mode": "raw",
              "raw": "{\n  \"data_doacao\": \"2025-01-18\",\n  \"aluno_responsavel\": \"Ana Costa\",\n  \"item_doacao\": \"Roupas de inverno\",\n  \"quantidade\": 8,\n  \"campanha\": \"Campanha do Agasalho\",\n  \"doador\": \"Empresa XYZ Ltda\",\n  \"pontuacao\": 40\n}"
            },
            "url": {
              "raw": "{{base_url}}/doacoes",
              "host": ["{{base_url}}"],
              "path": ["doacoes"]
            }
          },
          "response": []
        },
        {
          "name": "Atualizar Doação",
          "request": {
            "method": "PUT",
            "header": [
              {
                "key": "Content-Type",
                "value": "application/json"
              }
            ],
            "body": {
              "mode": "raw",
              "raw": "{\n  \"data_doacao\": \"2025-01-18\",\n  \"aluno_responsavel\": \"João Silva\",\n  \"item_doacao\": \"Alimentos não perecíveis e produtos de limpeza\",\n  \"quantidade\": 20.0,\n  \"campanha\": \"Natal Solidário\",\n  \"doador\": \"Família Silva\",\n  \"pontuacao\": 45\n}"
            },
            "url": {
              "raw": "{{base_url}}/doacoes/1",
              "host": ["{{base_url}}"],
              "path": ["doacoes", "1"]
            }
          },
          "response": []
        },
        {
          "name": "Excluir Doação",
          "request": {
            "method": "DELETE",
            "header": [],
            "url": {
              "raw": "{{base_url}}/doacoes/1",
              "host": ["{{base_url}}"],
              "path": ["doacoes", "1"]
            }
          },
          "response": []
        }
      ]
    },
    {
      "name": "Metas",
      "item": [
        {
          "name": "Listar Metas",
          "request": {
            "method": "GET",
            "header": [],
            "url": {
              "raw": "{{base_url}}/metas",
              "host": ["{{base_url}}"],
              "path": ["metas"]
            }
          },
          "response": []
        },
        {
          "name": "Buscar Meta por ID",
          "request": {
            "method": "GET",
            "header": [],
            "url": {
              "raw": "{{base_url}}/metas/1",
              "host": ["{{base_url}}"],
              "path": ["metas", "1"]
            }
          },
          "response": []
        },
        {
          "name": "Listar Metas por Equipe",
          "request": {
            "method": "GET",
            "header": [],
            "url": {
              "raw": "{{base_url}}/metas/equipe/Equipe Alpha",
              "host": ["{{base_url}}"],
              "path": ["metas", "equipe", "Equipe Alpha"]
            }
          },
          "response": []
        },
        {
          "name": "Listar Metas por Status",
          "request": {
            "method": "GET",
            "header": [],
            "url": {
              "raw": "{{base_url}}/metas/status/pendente",
              "host": ["{{base_url}}"],
              "path": ["metas", "status", "pendente"]
            }
          },
          "response": []
        },
        {
          "name": "Listar Metas por Prioridade",
          "request": {
            "method": "GET",
            "header": [],
            "url": {
              "raw": "{{base_url}}/metas/prioridade/alta",
              "host": ["{{base_url}}"],
              "path": ["metas", "prioridade", "alta"]
            }
          },
          "response": []
        },
        {
          "name": "Listar Metas por Período",
          "request": {
            "method": "GET",
            "header": [],
            "url": {
              "raw": "{{base_url}}/metas/periodo/2025-01-01/2025-03-31",
              "host": ["{{base_url}}"],
              "path": ["metas", "periodo", "2025-01-01", "2025-03-31"]
            }
          },
          "response": []
        },
        {
          "name": "Estatísticas de Metas",
          "request": {
            "method": "GET",
            "header": [],
            "url": {
              "raw": "{{base_url}}/metas/stats/resumo",
              "host": ["{{base_url}}"],
              "path": ["metas", "stats", "resumo"]
            }
          },
          "response": []
        },
        {
          "name": "Criar Meta de Alta Prioridade",
          "request": {
            "method": "POST",
            "header": [
              {
                "key": "Content-Type",
                "value": "application/json"
              }
            ],
            "body": {
              "mode": "raw",
              "raw": "{\n  \"data\": \"2025-02-15\",\n  \"titulo\": \"Arrecadar 500kg de alimentos\",\n  \"descricao\": \"Meta para a campanha de arrecadação de alimentos não perecíveis para famílias carentes da comunidade\",\n  \"equipe\": \"Equipe Alpha\",\n  \"prioridade\": \"alta\",\n  \"status\": \"pendente\"\n}"
            },
            "url": {
              "raw": "{{base_url}}/metas",
              "host": ["{{base_url}}"],
              "path": ["metas"]
            }
          },
          "response": []
        },
        {
          "name": "Criar Meta de Evento",
          "request": {
            "method": "POST",
            "header": [
              {
                "key": "Content-Type",
                "value": "application/json"
              }
            ],
            "body": {
              "mode": "raw",
              "raw": "{\n  \"data\": \"2025-03-20\",\n  \"titulo\": \"Organizar evento beneficente\",\n  \"descricao\": \"Organizar um evento beneficente para arrecadar fundos para a ONG local\",\n  \"equipe\": \"Equipe Beta\",\n  \"prioridade\": \"media\",\n  \"status\": \"pendente\"\n}"
            },
            "url": {
              "raw": "{{base_url}}/metas",
              "host": ["{{base_url}}"],
              "path": ["metas"]
            }
          },
          "response": []
        },
        {
          "name": "Atualizar Meta",
          "request": {
            "method": "PUT",
            "header": [
              {
                "key": "Content-Type",
                "value": "application/json"
              }
            ],
            "body": {
              "mode": "raw",
              "raw": "{\n  \"data\": \"2025-02-20\",\n  \"titulo\": \"Arrecadar 750kg de alimentos\",\n  \"descricao\": \"Meta ampliada para a campanha de arrecadação de alimentos não perecíveis para famílias carentes da comunidade\",\n  \"equipe\": \"Equipe Alpha\",\n  \"prioridade\": \"alta\",\n  \"status\": \"em_andamento\"\n}"
            },
            "url": {
              "raw": "{{base_url}}/metas/1",
              "host": ["{{base_url}}"],
              "path": ["metas", "1"]
            }
          },
          "response": []
        },
        {
          "name": "Atualizar Status da Meta",
          "request": {
            "method": "PATCH",
            "header": [
              {
                "key": "Content-Type",
                "value": "application/json"
              }
            ],
            "body": {
              "mode": "raw",
              "raw": "{\n  \"status\": \"concluida\"\n}"
            },
            "url": {
              "raw": "{{base_url}}/metas/1/status",
              "host": ["{{base_url}}"],
              "path": ["metas", "1", "status"]
            }
          },
          "response": []
        },
        {
          "name": "Excluir Meta",
          "request": {
            "method": "DELETE",
            "header": [],
            "url": {
              "raw": "{{base_url}}/metas/1",
              "host": ["{{base_url}}"],
              "path": ["metas", "1"]
            }
          },
          "response": []
        }
      ]
    }
  ]
}

